First Name,Last Name
James,Smith
Mary,Johnson
Michael,Williams
Patricia,Brown
Robert,Jones
Jennifer,Garcia
John,Miller
Linda,Davis
David,Rodriguez
Elizabeth,Martinez
William,Hernandez
Barbara,Lopez
Richard,Gonzalez
Susan,Wilson
Joseph,Anderson
Jessica,Thomas
Thomas,Taylor
Sarah,Moore
Christopher,Jackson
Karen,Martin
Charles,Lee
Lisa,Perez
Daniel,Thompson
Nancy,White
Matthew,Harris
Sandra,Sanchez
Anthony,Clark
Betty,Ramirez
Mark,Lewis
Ashley,Robinson
Donald,Walker
Emily,Young
Steven,Allen
Kimberly,King
Andrew,Wright
Margaret,Scott
Paul,Torres
Donna,Nguyen
Joshua,Hill
Michelle,Flores
Kenneth,Green
Carol,Adams
Kevin,Nelson
Amanda,Baker
Brian,Hall
Melissa,Rivera
George,Campbell
Deborah,Mitchell
Timothy,Carter
Stephanie,Roberts
Ronald,Gomez
Rebecca,Phillips
Jason,Evans
Sharon,Turner
Edward,Diaz
Laura,Parker
Jeffrey,Cruz
Cynthia,Edwards
Ryan,Collins
Dorothy,Reyes
Jacob,Stewart
Amy,Morris
Gary,Morales
Kathleen,Murphy
Nicholas,Cook
Angela,Rogers
Eric,Gutierrez
Shirley,Ortiz
Jonathan,Morgan
Emma,Cooper
Stephen,Peterson
Brenda,Bailey
Larry,Reed
Pamela,Kelly
Justin,Howard
Nicole,Ramos
Scott,Kim
Anna,Cox
Brandon,Ward
Samantha,Richardson
Benjamin,Watson
Katherine,Brooks
Samuel,Chavez
Christine,Wood
Gregory,James
Debra,Bennett
Alexander,Mendoza
Rachel,Ruiz
Frank,Hughes
Carolyn,Price
Patrick,Alvarez
Janet,Castillo
Raymond,Sanders
Maria,Patel
Jack,Tran
Heather,Chen
Dennis,Shah
Diane,Singh
Jerry,Wong
Virginia,Yang
Tyler,Smith
Julie,Johnson
Aaron,Williams
Joyce,Brown
Jose,Jones
Victoria,Garcia
Adam,Miller
Olivia,Davis
Nathan,Rodriguez
Kelly,Martinez
Carlos,Hernandez
Sofia,Lopez
Mateo,Gonzalez
Aria,Wilson
Santiago,Anderson
Camila,Thomas
Luis,Taylor
Elena,Moore
Diego,Jackson
Isabella,Martin
Juan,Lee
Maya,Perez
Aarav,Thompson
Priya,White
Rohan,Harris
Ananya,Sanchez
Arjun,Clark
Diya,Ramirez
Vihaan,Lewis
Neha,Robinson
Aditya,Walker
Kavya,Young
Kwame,Allen
Amara,King
Tariq,Wright
Fatima,Scott
Malik,Torres
Aaliyah,Nguyen
Zubair,Hill
Zuri,Flores
Jamal,Green
Nia,Adams
Kwei,Nelson
Mei,Baker
Wei,Hall
Ying,Rivera
Chen,Campbell
Ling,Mitchell
Ming,Carter
Xiu,Roberts
Bo,Gomez
Yan,Phillips
James,Evans
Mary,Turner
Michael,Diaz
Patricia,Parker
Robert,Cruz
Jennifer,Edwards
John,Collins
Linda,Reyes
David,Stewart
Elizabeth,Morris
William,Morales
Barbara,Murphy
Richard,Cook
Susan,Rogers
Joseph,Gutierrez
Jessica,Ortiz
Thomas,Morgan
Sarah,Cooper
Christopher,Peterson
Karen,Bailey
Charles,Reed
Lisa,Kelly
Daniel,Howard
Nancy,Ramos
Matthew,Kim
Sandra,Cox
Anthony,Ward
Betty,Richardson
Mark,Watson
Ashley,Brooks
Donald,Chavez
Emily,Wood
Steven,James
Kimberly,Bennett
Andrew,Mendoza
Margaret,Ruiz
Paul,Hughes
Donna,Price
Joshua,Alvarez
Michelle,Castillo
Kenneth,Sanders
Carol,Patel
Kevin,Tran
Amanda,Chen
Brian,Shah
Melissa,Singh
George,Wong
Deborah,Yang